Receiving-data-rate-in-Kbytes-per-seconds, Transmitting-data-rate-in-Kbytes-per-seconds, Total-received-Kbytes, Total-Transmitted-Kbytes, Total-received-packets, Total-Transmitted-packets, Class
78.66,87.02,974.37,1000,1640,1540,High
94.52,91.51,1800,1870,3240,3040,High
69.89,76.95,2800,2900,5080,4700,High
131.25,156.25,3970,4140,7690,6760,High
106.64,115.82,4840,5070,9810,8400,High
80.09,81.12,5750,6020,11980,10090,High
75.30,81.98,6810,7130,14500,12090,High
115.65,106.10,7720,8060,16650,13780,High
104.12,113.45,8650,9090,18810,15600,High
117.88,112.30,9630,10040,20710,17280,High
119.52,136.25,10640,11120,22710,19160,High
115.78,122.66,11530,12060,24230,20760,High
93.66,110.12,12470,13050,25780,22520,High
126.07,136.25,13430,14060,27430,24300,High
83.31,60.41,14420,15070,29210,26130,High
127.05,146.25,15360,16040,30860,27800,High
86.67,81.65,16340,17080,32590,29580,High
106.41,105.30,17190,17990,34150,31130,High
79.04,84.77,18250,19140,36010,33050,High
82.30,83.00,19280,20210,37790,34850,High
122.26,123.28,20060,21070,39150,36300,High
82.98,87.03,21090,22210,40710,38190,High
79.08,93.59,22080,23200,42090,39880,High
69.65,76.32,22970,24110,43350,41410,High
73.72,61.15,23940,25110,45020,43120,High
87.18,127.05,24880,26120,46600,44850,High
128.75,136.25,25880,27250,48140,46800,High
82.44,87.83,26880,28300,49570,48580,High
66.52,88.25,27730,29230,50880,50140,High
97.53,126.25,28730,30320,52460,51990,High
83.24,111.64,29630,31240,53890,53660,High
106.28,105.44,30630,32320,55550,55500,High
61.77,102.99,31440,33270,56930,57080,High
96.61,92.08,32380,34290,58580,58780,High
83.09,82.29,33340,35280,60270,60280,High
137.05,151.25,34330,36280,61960,61800,High
75.78,71.17,35250,37270,63560,63290,High
124.84,130.00,36250,38310,65210,64850,High
138.75,140.00,37200,39320,66890,66350,High
104.89,107.38,38200,40330,68590,67880,High
77.21,84.29,39270,41410,70430,69560,High
122.18,125.13,40160,42320,71960,71030,High
72.57,87.01,41160,43430,73700,72880,High
96.05,109.17,42070,44360,75170,74430,High
63.07,82.42,42930,45360,76530,76110,High
145.00,147.05,43960,46410,77970,77830,High
57.43,66.81,44890,47380,79280,79270,High
90.47,84.51,45880,48370,80680,80920,High
94.15,69.96,46890,49350,82100,82670,High
91.36,87.86,47760,50340,83640,84450,High
111.00,110.98,48750,51330,85400,86220,High
131.25,127.32,49680,52290,87080,87960,High
127.05,118.05,50650,53270,88810,89740,High
115.09,109.22,51560,54180,90420,91180,High
112.45,122.48,52620,55280,92270,93010,High
90.93,97.48,53520,56190,93760,94610,High
82.85,93.38,54520,57250,95550,96480,High
107.38,101.73,55400,58100,96990,97820,High
94.83,95.74,56300,59000,98620,99280,High
94.23,88.01,57260,59930,100230,100760,High
128.75,128.75,58260,60920,101950,102320,High
91.75,89.68,59200,61840,103510,103800,High
87.46,93.51,60160,62760,105070,105270,High
136.25,127.05,61210,63870,106580,106990,High
146.25,128.75,62120,64760,107860,108350,High
135.00,145.00,63060,65740,109210,109870,High
151.25,157.05,64080,66740,110640,111460,High
79.155,95.71,65040,67720,112000,113080,High
71.15,69.75,66070,68780,113470,114720,High
77.50,80.36,66980,69690,114750,116310,High
88.16,92.74,67920,70730,116100,118100,High
87.68,89.09,68920,71770,117710,119920,High
84.48,104.37,69850,72770,119360,121670,High
49.27,117.48,70040,73830,119990,123500,High
81.64,75.73,70810,74790,121030,125060,High
120.38,132.05,71750,75850,122480,126660,High
69.74,68.32,72640,76800,123860,128140,High
97.99,113.98,73570,77870,125300,129840,High
74.94,90.99,74500,78900,126740,131550,High
86.65,121.36,75430,79980,128170,133370,High
124.40,136.25,76350,80940,129620,135020,High
77.81,92.47,77300,81960,131050,136680,High
99.04,104.52,78200,82990,132500,138380,High
100.09,113.79,79160,84020,134030,140070,High
143.75,146.25,80040,85040,135480,141710,High
86.94,99.29,81090,86160,137150,143530,High
125.05,141.25,81960,87110,138560,145050,High
131.25,141.25,82780,88020,140020,146520,High
127.05,136.25,83850,89160,141960,148340,High
133.75,141.25,84780,90210,143650,150040,High
128.75,127.05,85760,91210,145250,151650,High
107.55,74.22,86710,92250,146880,153360,High
136.25,151.25,87660,93240,148480,154940,High
124.89,103.96,88610,94260,150130,156570,High
138.75,151.25,89550,95280,151770,158240,High
137.05,151.25,90530,96300,153430,159870,High
86.47,87.10,91480,97350,155130,161570,High
80.20,81.87,92410,98350,156700,163190,High
101.99,100.73,93360,99390,158310,164880,High
70.97,63.78,94350,100430,159900,166580,High
75.51,78.38,95300,101420,161490,168370,High
83.52,95.16,96230,102430,162970,170190,High
76.45,73.13,97220,103460,164590,171860,High
87.02,124.95,98060,104430,166010,173320,High
84.20,86.86,99030,105480,167510,174880,High
80.57,63.80,99940,106450,168990,176370,High
106.31,108.16,100910,107480,170560,178160,High
119.48,148.75,102090,108730,172510,180310,High
131.25,156.25,102850,109560,173850,181730,High
85.67,93.66,103770,110510,175380,183320,High
127.99,108.62,104650,111480,176940,184950,High
68.47,69.96,105620,112490,178560,186630,High
72.95,98.06,106570,113520,180170,188320,High
110.34,18.47,107530,114550,181770,190010,High
113.37,126.25,10850,115580,183400,191680,High
130.00,135.00,109420,116620,185090,193350,High
106.78,114.09,110330,117640,186620,195040,High
136.25,132.05,111140,118510,187910,196510,High
114.60,119.14,112640,120150,190330,199170,High
104.47,124.56,113080,120640,191070,199980,High
75.37,74.45,114020,121660,192580,201620,High
147.05,136.25,115000,122710,194290,203310,High
77.44,80.43,115910,123720,195880,204980,High
63.14,66.02,116890,124730,197540,206630,High
125.00,143.75,117840,125760,199240,208330,High
108.02,128.75,118800,126780,200880,209990,High
65.08,115.61,119590,127690,202210,211730,High
94.61,121.02,120740,128940,204180,214080,High
115.18,135.00,121610,129850,205670,215860,High
122.19,124.85,122520,130870,207330,217850,High
124.17,126.75,123500,131890,209070,219830,High
68.21,76.78,124410,132870,210630,221750,High
126.25,147.05,125380,133910,212270,223450,High
65.56,72.57,126260,134900,213810,225080,High
78.20,82.45,127180,135900,215510,226650,High
74.69,85.85,128120,136910,217340,228280,High
64.97,69.16,128930,137850,218840,229810,High
128.75,107.52,129900,138840,220450,231410,High
72.48,71.34,130890,139950,222120,233220,High
109.92,125.00,131750,140800,223720,234680,High
101.09,106.04,132680,141820,225500,236300,High
59.94,76.79,133620,142850,227290,237980,High
127.05,138.75,134680,144000,229260,239900,High
110.39,120.50,135620,145000,230870,241740,High
85.23,88.18,136590,146010,232540,243650,High
76.26,87.16,137530,147010,234240,245580,High
99.38,98.67,138400,147900,235770,247230,High
111.65,116.77,139350,148950,237550,249110,High
52.65,74.76,140350,150060,239350,250900,High
131.25,128.75,141320,151120,240730,252610,High
156.25,186.25,1330,1380,3820,1670,High
392.05,247.05,4190,2850,10950,3430,High
171.25,1125.05,8160,4060,15680,4900,High
287.05,226.25,11490,5200,19900,2360,High
355.00,207.05,13800,5900,22650,7260,High
292.05,168.75,16830,6960,26120,8560,High
293.75,255.00,19580,8160,29870,10160,High
126.40,157.05,20390,8820,31650,11100,High
240.00,256.25,22020,9920,36150,12520,High
283.75,185.00,24500,10900,42620,13780,High
417.05,252.05,27810,12110,47110,15290,High
431.25,245.00,30410,13110,51890,16560,High
248.75,192.05,32720,14620,55460,18320,High
63.68,171.25,33130,15500,56660,19500,High
166.25,256.25,33960,16790,58530,20960,High
123.52,98.38,34900,17020,60900,21410,High
77.24,76.88,35850,17450,62560,22240,High
50.17,44.62,37910,18350,69070,23430,High
66.24,65.55,38580,18700,70420,24090,High
321.25,44.45,41500,19360,78680,25320,High
436.75,47.71,44250,19860,84280,26110,High
242.05,87.15,47950,20830,88530,27400,High
114.77,32.31,49180,21370,91450,28290,High
302.05,236.25,50740,22260,95910,29350,High
318.75,193.75,52860,23180,101070,30460,High
358.75,219.62,55170,23930,103700,31390,High
476.25,442.05,58320,25260,107440,32930,High
217.05,122.23,60840,26600,111230,34470,High
156.25,125.13,61820,27140,113530,35320,High
283.75,397.05,63530,28280,118280,36720,High
57.20,70.49,64010,28610,119590,37450,High
77.57,106.00,64510,29060,120790,38300,High
141.25,302.05,65470,30000,122920,39770,High
61.42,160.00,65970,31000,124070,41040,High
230.00,316.25,66990,32300,126340,42600,High
322.05,316.25,68630,33410,131230,43920,High
431.25,366.25,70480,34660,136710,45510,High
521.25,471.25,73010,36030,142720,47130,High
113.43,83.27,73720,37210,144210,48680,High
78.76,135.00,74310,37980,145450,49740,High
220.00,255.00,75520,37230,148390,51240,High
131.25,106.22,77240,40180,153580,52380,High
160.00,104.46,79200,40970,159200,53460,High
301.25,255.00,81260,41750,165160,54480,High
221.25,143.75,83740,43040,170440,56010,High
171.25,178.75,85680,43880,173180,57220,High
405.00,205.00,88550,45240,177570,58930,High
291.25,48.27,90640,45470,183870,59540,High
138.75,238.75,93240,46420,189660,61050,High
221.25,208.75,94462,47500,195145,61680,High
42.08,11.94,95820,48120,197390,63480,High
56.45,7.85,96940,48200,201050,64120,High
48.83,135.00,97540,49040,202710,65170,High
145.00,190.00,98730,49870,205570,66210,High
285.00,100.33,105170,51000,213240,68200,High
456.25,186.25,108070,51870,218240,69110,High
372.05,5.64,112150,52790,222830,70330,High
360.00,213.75,115090,53450,226590,71230,High
276.25,161.25,118140,54570,230190,72580,High
281.25,217.05,121200,55600,233660,73820,High
213.75,167.05,123770,56470,237060,74870,High
318.75,200.00,126060,57470,240500,76310,High
93.97,171.25,126590,58200,241520,77270,High
96.72,150.00,127310,58920,242930,78190,High
42.74,68.90,128360,60620,245560,80170,High
21.43,172.05,128480,61310,245980,81060,High
9.47,131.25,128580,62090,246360,82000,High
23.00,303.75,128770,63720,247050,83890,High
20.43,295.00,128880,64580,247430,84920,High
21.90,19.95,129110,65480,248120,86070,High
45.63,32.84,129470,65800,249170,86730,High
106.75,228.75,130070,66580,250550,87720,High
50.57,262.50,130850,67910,252290,89260,High
53.10,195.00,131220,69140,253170,90760,High
12.22,126.25,131370,69880,253690,91670,High
13.11,300.00,131550,70910,254260,92870,High
22.75,261.25,131810,72610,255230,94320,High
30.80,203.75,132070,73600,255960,96100,High
50.29,197.50,132450,74420,257140,97110,High
124.41,248.75,133100,75340,258580,98250,High
126.15,312.50,134220,76690,261080,99850,High
26.23,146.25,134700,77870,262070,101290,High
6.64,136.25,134770,78210,262270,101680,High
155.00,161.25,135540,79110,264210,102450,High
187.50,650.45,136270,80580,266130,104280,High
51.74,161.25,136790,81720,267150,105630,High
163.75,213.75,138180,83440,270030,107590,High
113.38,342.50,138920,84490,271540,108920,High
61.62,285.00,139380,85420,272400,110060,High
61.58,162.50,139780,86090,273310,110910,High
140.00,202.50,140950,87630,276060,112680,High
211.25,198.75,142510,88450,280600,113700,High
373.75,241.25,145940,90040,285510,115480,High
278.75,193.75,149850,91730,290000,117410,High
260.00,191.25,151900,92620,293290,118540,High
271.25,147.50,155070,94000,297650,120120,High
393.75,230.00,158680,95500,301510,121790,High
443.75,262.50,161600,96470,304950,122960,High
227.50,138.75,165140,97830,308810,124470,High
260.00,5.45,168680,98780,313230,125680,High
303.75,136.25,172550,99650,318240,126880,High
74.28,66.52,173570,100200,320760,127610,High
58.49,211.25,174410,101410,322410,129070,High
65.45,213.75,174770,102330,323080,130180,High
34.00,101.47,174980,103290,323700,131320,High
90.84,271.25,175330,104050,324730,132300,High
103.52,211.25,175870,104700,325920,133120,High
193.75,238.75,177070,105630,328900,134250,High
196.25,172.50,179150,106860,335030,135630,High
382.50,235.00,182340,108110,339450,137130,High
298.75,203.75,185170,109200,343380,138450,High
377.50,323.50,188280,110080,347610,139500,High
347.50,207.50,191090,110880,351310,140420,High
292.50,155.00,194630,112110,356060,141810,High
301.25,200.00,197240,112860,358820,142730,High
395.00,252.50,203470,114920,365950,145180,High
330.00,203.75,205810,115720,368940,146190,High
273.75,191.25,207860,116380,371160,147020,High
367.50,10.52,207840,117120,373120,148210,High
20.52,13.20,212230,118210,377140,149470,High
13.91,24.45,212580,119400,378120,151040,High
18.74,210.00,212690,119940,378490,151810,High
10.89,151.25,212800,120760,378820,152850,High
11.19,133.75,212970,122740,379470,154990,High
29.37,297.50,213150,123940,380060,156380,High
53.53,242.50,213520,125410,381150,158040,High
70.81,156.25,214090,126490,382600,159290,High
228.75,276.25,215430,127970,385930,160940,High
367.50,263.75,217550,129110,391470,162270,High
322.50,147.50,220750,130290,395370,163630,High
212.50,106.01,224030,131250,399950,164820,High
126.44,248.75,226340,132390,403110,166260,High
108.65,98.21,227140,132960,404540,167090,High
210.00,125.00,228970,133970,409150,168450,High
74.63,28.97,229350,134330,410350,169070,High
88.41,162.50,230100,135490,412080,170420,High
193.75,203.75,231260,136430,415200,171570,High
161.25,190.00,232920,137280,420180,172580,High
109.37,196.25,234440,138720,424070,174180,High
52.49,44.33,234560,139210,424400,174750,High
128.75,206.25,235220,140310,426120,176060,High
210.00,233.75,236530,141320,429610,177250,High
236.25,156.25,238860,142590,435200,178740,High
316.25,200.00,241640,143930,439350,180290,High
372.50,248.75,244130,144740,442410,181300,High
443.75,283.75,246740,145690,446240,182460,High
282.50,353.75,249340,146910,449790,183900,High
161.25,52.09,250400,147360,452300,184620,High
205.00,468.75,252470,149700,456790,187310,High
38.02,132.50,252760,150330,457610,188210,High
7.81,7.21,69.84,67.83,518,523,High
6.59,7.94,128.13,126.05,951,965,High
8.13,7.41,198.31,193.13,1470,1480,High
5.83,6.00,263.15,257.99,1940,1950,High
8.16,8.28,341.13,338.50,2510,2520,High
8.34,7.52,406.62,402.87,2970,2970,High
6.85,8.68,479.09,481.64,3540,3540,High
6.64,7.81,539.31,552.79,4060,4050,High
3.90,8.59,585.93,625.30,4320,4570,High
4.14,4.26,652.12,699.11,4760,5090,High
6.83,6.57,731.41,774.54,5290,5610,High
8.43,9.43,810.83,850.32,5810,6140,High
5.89,4.91,882.08,921.57,6310,6650,High
8.96,8.63,966.52,1003.18,6890,7230,High
5.72,5.22,1010,1050,7330,7730,High
9.17,8.48,1080,1110,7830,8220,High
6.70,6.66,1150,1180,8320,8710,High
7.95,8.75,1230,1260,8860,9240,High
7.53,7.61,1300,1330,9350,9750,High
8.44,8.72,1370,1400,9890,10280,High
8.62,8.88,1440,1470,10390,10780,High
5.92,5.98,1520,1550,10970,11350,High
9.00,9.00,1590,1620,11420,11810,High
0.76,5.98,1650,1680,11870,12280,High
8.35,8.82,1720,1760,12340,12790,High
8.59,8.54,1800,1840,12930,13370,High
4.08,3.69,1870,1910,13440,13880,High
5.41,4.93,1940,1980,13960,14400,High
6.03,7.72,2010,2060,14510,14940,High
6.96,8.78,2070,2130,15000,15430,High
6.16,7.31,2120,2190,15470,15890,High
9.71,9.48,2180,2270,16030,16460,High
4.30,4.38,2240,2350,16360,16980,High
7.06,8.01,2320,2430,16920,17530,High
7.14,7.43,2380,2490,17360,17970,High
8.24,8.61,2450,2560,17900,18500,High
7.10,8.83,2520,2640,18410,19010,High
8.03,8.68,2580,2720,18840,19560,High
7.79,7.69,2650,2780,19320,20030,High
7.46,7.58,2720,2850,19830,20530,High
7.01,6.72,2790,2920,20340,21040,High
10.65,10.00,260,3000,20840,21560,High
8.45,9.02,2930,3070,21370,22090,High
8.32,8.72,3010,3160,21950,22670,High
6.96,8.01,3070,3210,22360,23080,High
7.26,6.90,3130,3290,22870,23610,High
6.00,6.66,3190,3350,23320,24060,High
7.09,7.40,3260,3420,23830,24570,High
8.22,8.62,3340,3510,24410,25140,High
8.15,8.57,3410,3590,24980,25700,High
6.64,8.78,3460,3640,25360,26080,High
6.60,8.45,3520,3720,25950,26660,High
5.67,6.77,3570,3790,26440,27150,High
3.98,4.50,3630,3860,26880,27630,High
9.10,8.45,3700,3930,27390,28120,High
8.58,8.76,3780,4000,27950,28680,High
9.50,8.54,3840,4070,28410,29150,High
6.92,7.57,3920,4150,28980,29710,High
7.51,7.67,3990,4220,29480,30210,High
7.93,8.51,4060,4290,29990,30710,High
3.93,4.84,4130,4370,30510,31230,High
8.49,8.51,4180,4430,30960,31680,High
6.49,7.49,4250,4500,31480,32190,High
8.75,7.48,4330,4570,32030,32750,High
7.25,6.88,4400,4640,32540,33270,High
6.04,7.03,4450,4700,32930,33680,High
3.27,4.07,5410,4780,33520,34240,High
6.63,9.72,4570,4850,34070,34820,High
6.72,7.60,4640,4920,34550,35320,High
8.25,8.83,4700,4990,35060,35850,High
7.36,7.70,4770,5060,35530,36360,High
4.11,4.61,4830,5130,36020,36860,High
6.75,7.87,4900,5200,36540,37380,High
3.98,4.13,4970,5280,37040,37880,High
7.88,9.96,5030,5350,37510,38400,High
4.25,4.16,5090,5420,38000,38900,High
8.67,7.67,5160,5490,38490,39430,High
8.58,8.49,5230,5560,39000,39930,High
6.34,6.59,5300,5630,39500,40430,High
8.30,8.72,5370,5710,40020,40950,High
4.11,4.11,5440,5770,40520,41450,High
8.89,8.76,5510,5850,41080,42010,High
7.48,7.69,5590,5920,41600,42530,High
3.25,4.64,5640,5990,42050,42980,High
6.46,7.88,5690,6050,42550,43480,High
6.23,7.60,5750,6120,43070,44000,High
7.40,7.80,5880,6260,44080,45020,High
7.13,7.21,5940,6330,44580,45510,High
4.06,4.28,6010,6400,45050,45980,High
2.89,3.49,6080,6470,45610,46540,High
6.08,7.53,6140,6540,46120,47050,High
6.72,8.69,6190,6610,46620,47550,High
7.11,8.59,6250,6680,47140,48060,High
6.61,8.35,6300,6750,47650,48580,High
6.48,8.52,6360,6820,48150,49080,High
6.76,8.43,6420,6890,48660,49580,High
5.99,7.98,6480,6960,49170,50090,High
5.97,7.73,6530,7030,49640,50550,High
5.84,7.63,6590,7110,50200,51100,High
5.91,7.57,6650,7180,50720,51620,High
6.03,7.46,6710,7260,51240,52130,High
5.56,7.40,6770,7330,51740,52630,High
6.70,8.79,6830,7400,52260,53150,High
5.80,7.64,6880,7470,52760,53650,High
6.63,8.83,6940,7540,53270,54150,High
8.05,7.70,7000,7620,53710,54670,High
7.39,7.17,7070,7690,54220,55170,High
4.27,4.39,7140,7760,54730,55680,High
3.98,4.05,7220,7850,55340,56290,High
5.79,7.75,7280,7910,55760,56700,High
5.89,7.89,7330,7980,56270,57200,High
5.76,8.04,7390,8050,56790,57720,High
4.58,5.61,7450,8120,57290,58220,High
7.16,8.77,7510,8190,57800,58720,High
8.05,6.21,7570,8270,58270,59240,High
1.86,6.81,7630,8340,58650,59760,High
8.24,8.77,7690,8410,59090,60250,High
6.98,7.51,7770,8490,59630,60780,High
3.82,4.42,7840,8560,60140,61290,High
7.12,7.95,7910,8630,60640,61790,High
7.08,8.75,7970,8700,61140,62280,High
3.92,4.75,8030,8780,61650,62810,High
7.98,7.53,8090,8840,62100,63260,High
5.19,5.71,8170,8920,62690,63830,High
9.03,8.83,8240,8990,63130,64280,High
3.56,4.40,8310,9060,63660,64800,High
6.04,7.62,8360,9130,64160,65290,High
6.08,7.30,8420,9200,64660,65790,High
6.80,8.78,8490,9280,65230,66350,High
10.15,9.02,8550,9360,65710,66890,High
7.79,7.85,8610,9420,66140,67330,High
7.39,7.44,8680,9490,66620,67840,High
1.11,1.07,8750,9570,67130,68390,High
6.16,7.29,8820,9640,67540,68920,High
5.67,8.40,8870,9700,67890,69370,High
8.93,8.51,8930,9780,68290,69890,High
4.29,4.56,8990,9840,68740,70370,High
3.00,6.23,9060,9920,69190,70930,High
5.43,5.69,9120,9980,69570,71400,High
8.38,8.53,9190,10060,70060,71920,High
2.10,3.55,9250,10130,70520,72420,High
7.80,7.71,9330,10200,71040,72940,High
4.69,4.34,9400,10270,71530,73440,High
7.37,7.09,9470,10340,72050,73960,High
7.28,7.41,9550,10410,72540,74450,High
8.67,9.06,9620,10490,73070,74980,High
4.17,3.76,9690,10550,73560,75470,High
7.31,8.74,9760,10620,74070,75980,High
6.96,8.77,9820,10690,74580,76480,High
4.31,6.02,9880,10760,75060,76990,High
8.35,8.44,59.28,74.17,506,625,High
11.20,11.10,112.19,150.52,931,1250,High
5.40,7.37,159.42,214.11,1340,1780,High
6.39,8.03,212.32,284.44,1810,2380,High
12.36,10.70,280.31,361.65,2350,3020,High
8.19,8.20,345.58,433.04,2900,3610,High
5.47,7.49,410.28,502.98,3440,4180,High
6.99,6.79,473.49,579.74,3950,4810,High
5.86,6.61,525.70,646.79,4420,5380,High
5.32,7.89,572.22,717.21,4840,5980,High
12.61,9.42,645.45,795.28,5400,6600,High
0.79,2.93,702.43,864.43,5870,7170,High
7.70,7.64,769.66,934.94,6420,7740,High
8.93,11.54,829.51,1008.53,6910,8350,High
6.44,5.66,891.55,1050,7410,8890,High
7.41,6.96,946.52,1120,7880,9450,High
10.61,11.38,1019.67,1200,8460,10110,High
3.95,3.63,1050,1270,8900,10730,High
1.29,7.00,1080,1320,9220,11220,High
7.76,8.37,1170,1420,9930,12020,High
7.24,8.13,1230,1480,10400,12510,High
6.46,9.38,1290,1550,10920,13070,High
9.65,9.14,1350,1610,11430,13620,High
3.82,4.32,1430,1690,12090,14270,High
5.56,8.02,1490,1760,12550,14800,High
7.73,9.32,1560,1830,13140,15440,High
3.96,3.43,1620,1920,13620,15970,High
5.40,8.47,1690,1970,14170,16570,High
8.93,8.77,1770,2050,14810,17210,High
7.15,8.37,1830,2120,15340,17810,High
4.88,4.21,1900,2190,15890,18390,High
8.80,8.51,1960,2270,16450,18990,High
3.21,4.33,2020,2330,16910,19510,High
8.81,8.35,2070,2400,17370,20150,High
7.65,7.98,2140,2470,17920,20690,High
3.94,3.46,2210,2550,18460,21300,High
3.20,7.82,2250,2620,18840,21890,High
8.09,8.16,2310,2690,19350,22530,High
6.27,6.00,2370,2760,19860,23060,High
1.67,6.17,2430,2830,20390,23680,High
3.41,6.72,2460,2890,20640,24220,High
9.10,8.38,2530,2690,21170,24850,High
7.62,7.62,2590,3040,21710,25480,High
7.32,8.95,2650,3120,22260,26110,High
7.37,7.31,2710,3180,22720,26610,High
8.71,8.23,2770,3250,23230,27180,High
2.73,7.45,2810,3320,23610,27770,High
7.69,7.23,2890,3400,24220,28430,High
5.20,7.93,2930,3470,24620,29030,High
8.69,8.02,2980,3530,25050,29540,High
4.46,4.79,3060,3620,25680,30230,High
3.63,8.19,3120,3680,26150,30740,High
5.90,5.25,3200,3760,26810,31450,High
8.47,8.00,3260,3830,27290,32030,High
7.31,7.51,3310,3890,27730,32560,High
8.77,7.79,3370,3960,28270,33100,High
4.71,6.72,3440,4040,28800,33750,High
8.71,8.10,3490,4100,29240,34290,High
7.81,7.51,3540,4170,29680,34860,High
7.72,7.09,3610,4240,30230,35480,High
7.73,7.15,3660,4310,30680,36050,High
5.00,4.61,3730,4380,31260,36650,High
1.34,7.03,3790,4450,31740,37240,High
3.37,4.83,3840,4520,32160,37840,High
8.04,9.40,3880,4580,32530,38400,High
2.37,7.34,3930,4650,32930,39000,High
8.54,8.14,3990,4730,33400,39650,High
7.69,8.19,4060,4810,34020,40350,High
3.96,3.73,4120,4870,34440,40830,High
3.60,3.54,4170,4930,34890,41360,High
8.15,7.70,4220,5000,35350,41940,High
7.64,7.66,4290,5070,35860,42540,High
8.66,8.35,4340,5140,36340,43150,High
7.68,7.65,4410,5210,36940,43720,High
4.35,4.31,4480,5290,37510,44330,High
5.57,7.77,4550,5350,38050,44900,High
8.84,8.12,4610,5430,38560,45510,High
4.39,6.65,4640,5490,38840,46090,High
7.58,7.10,4680,5550,39160,46620,High
8.77,7.67,4730,5620,39620,47260,High
2.39,3.98,4770,5700,39950,47870,High
2.29,8.23,4830,5760,40460,48440,High
8.78,8.22,4900,5830,41010,49050,High
7.84,7.38,4970,5900,41580,49630,High
2.21,7.51,5030,5970,42070,50210,High
7.61,7.38,5100,6040,42630,50810,High
8.94,8.32,5150,6110,43050,51410,High
4.54,4.34,5200,6180,43490,52000,High
8.30,8.43,5270,6250,44060,52580,High
8.71,8.23,5330,6320,44560,53180,High
1.18,7.32,5390,6390,45060,53750,High
4.96,4.73,5450,6460,45570,54360,High
4.66,6.65,5500,6530,45950,54940,High
6.13,7.49,5540,6600,46310,55540,High
7.46,8.08,5590,6670,46740,56110,High
7.79,7.57,5640,6740,47170,56740,High
5.52,5.74,5690,6800,47570,57290,High
1.17,5.75,5730,6870,47950,57900,High
2.33,7.45,5790,6940,48420,58500,High
6.58,6.61,5840,7010,48850,59070,High
7.03,8.78,5890,7070,49330,59620,High
8.65,7.95,5980,7150,49960,60270,High
5.55,5.40,6030,7220,50420,60840,High
9.02,8.33,6090,7280,50920,61390,High
7.48,7.48,6170,7360,51510,62030,High
7.51,8.04,6220,7430,51970,62570,High
2.42,7.69,6270,7490,52390,63150,High
5.60,5.72,6340,7560,52940,63730,High
8.80,7.90,6390,7640,53380,64380,High
3.53,4.80,6440,7700,53820,64970,High
5.83,8.37,6500,7770,54260,65530,High
8.76,8.53,6570,7850,54840,66170,High
7.69,7.37,6620,7910,55280,66690,High
8.83,8.62,6690,7990,55850,67340,High
4.55,6.32,6730,8050,56170,67890,High
8.15,8.01,6760,8120,56490,68510,High
4.76,4.72,6820,8190,56940,69120,High
8.23,7.95,6870,8260,57390,69690,High
7.32,7.96,6930,8330,57910,70300,High
4.51,6.54,6990,8390,58410,70820,High
5.87,6.94,7050,8470,58930,71470,High
7.06,8.25,7120,8540,59490,72040,High
5.62,7.32,7190,8610,60070,72680,High
6.13,6.83,7240,8670,60490,73180,High
7.79,7.05,7300,8740,61010,73820,High
4.14,4.68,7370,8820,61560,74440,High
8.85,8.07,7440,8890,62080,75000,High
7.26,6.51,7490,8960,62550,75620,High
5.22,6.56,7550,9020,63030,76140,High
8.72,7.92,7610,9090,63490,76780,High
5.08,4.38,7670,9160,64010,77320,High
3.93,7.49,7730,9230,64500,77970,High
7.83,6.98,7800,9300,65060,78550,High
7.40,6.78,7860,9370,65540,79150,High
5.84,7.20,7920,9440,66040,79700,High
3.94,7.29,7980,9510,66530,80330,High
3.32,4.07,8040,9580,67040,80920,High
4.31,7.42,8090,9640,67440,81450,High
3.51,3.66,8140,9720,67930,82090,High
1.49,6.53,8180,9790,68250,82690,High
8.98,8.30,8210,9860,68520,83290,High
1.32,7.08,8240,9920,68790,83870,High
5.09,4.86,8300,9990,69290,84440,High
1.42,6.67,8350,10060,69730,85070,High
7.45,8.10,8410,10120,70180,85580,High
5.89,7.06,8480,10200,70790,86240,High
10.42,10.62,8530,10260,71240,86790,High
8.51,7.87,8610,10340,71850,87430,High
7.25,6.89,8660,10400,72260,87940,High
4.84,4.61,8730,10480,72830,88610,High
7.60,3.06,11.29,4.69,20,20,Varied
0.0,0.0,11.29,4.69,20,20,Varied
0.0,0.0,11.29,4.69,20,20,Varied
4.32,1.54,22.42,10.53,42,40,Varied
0.0,0.0,22.42,10.53,42,40,Varied
0.0,0.0,22.42,10.53,42,40,Varied
0.0,0.0,22.42,10.53,42,40,Varied
0.0,0.0,22.42,10.53,42,40,Varied
0.0,0.0,22.42,10.53,42,40,Varied
27.17,2.51,53.22,14.61,75,75,Varied
0.0,0.0,53.22,14.61,75,75,Varied
0.0,0.0,53.22,14.61,75,75,Varied
0.0,0.0,53.22,14.61,75,75,Varied
4.32,1.54,72.29,22.20,108,107,Varied
0.0,0.0,72.29,22.20,108,107,Varied
0.0,0.0,72.29,22.20,108,107,Varied
0.0,0.0,72.29,22.20,108,107,Varied
4.51,1.52,80.33,25.27,122,121,Varied
0.0,0.0,80.33,25.27,122,121,Varied
0.0,0.0,80.33,25.27,122,121,Varied
0.0,0.0,80.33,25.27,122,121,Varied
0.0,0.0,80.33,25.27,122,121,Varied
0.0,0.0,80.33,25.27,122,121,Varied
0.0,0.0,80.33,25.27,122,121,Varied
0.0,0.0,80.33,25.27,122,121,Varied
0.0,0.0,80.33,25.27,122,121,Varied
0.0,0.0,80.33,25.27,122,121,Varied
4.60,1.58,95.88,31.48,149,149,Varied
0.0,0.0,95.88,31.48,149,149,Varied
0.0,0.0,95.88,31.48,149,149,Varied
0.0,0.0,95.88,31.48,149,149,Varied
0.0,0.0,95.88,31.48,149,149,Varied
0.0,0.0,95.88,31.48,149,149,Varied
3.04,2.82,99.28,34.30,157,155,Varied
0.0,0.0,99.28,34.30,157,155,Varied
0.0,0.0,99.28,34.30,157,155,Varied
0.0,0.0,99.28,34.30,157,155,Varied
0.0,0.0,99.28,34.30,157,155,Varied
0.0,0.0,99.28,34.30,157,155,Varied
0.0,0.0,99.28,34.30,157,155,Varied
0.0,0.0,99.28,34.30,157,155,Varied
4.51,1.53,115.84,40.44,184,183,Varied
0.0,0.0,115.84,40.44,184,183,Varied
0.0,0.0,115.84,40.44,184,183,Varied
0.0,0.0,115.84,40.44,184,183,Varied
0.0,0.0,115.84,40.44,184,183,Varied
3.68,1.52,132.20,46.55,211,211,Varied
0.0,0.0,132.20,46.55,211,211,Varied
0.0,0.0,132.20,46.55,211,211,Varied
0.0,0.0,132.20,46.55,211,211,Varied
0.0,0.0,132.20,46.55,211,211,Varied
0.0,0.0,132.20,46.55,211,211,Varied
0.0,0.0,132.20,46.55,211,211,Varied
0.0,0.0,132.20,46.55,211,211,Varied
6.27,3.15,146.83,52.75,239,238,Varied
0.0,0.0,146.83,52.75,239,238,Varied
0.0,0.0,146.83,52.75,239,238,Varied
0.0,0.0,146.83,52.75,239,238,Varied
0.0,0.0,146.83,52.75,239,238,Varied
0.0,0.0,146.83,52.75,239,238,Varied
4.52,1.55,161.41,59.80,266,265,Varied
0.0,0.0,161.41,59.80,266,265,Varied
0.0,0.0,161.41,59.80,266,265,Varied
0.0,0.0,161.41,59.80,266,265,Varied
0.0,0.0,161.41,59.80,266,265,Varied
4.45,1.57,176.04,66.22,293,292,Varied
0.0,0.0,176.04,66.22,293,292,Varied
0.0,0.0,176.04,66.22,293,292,Varied
0.0,0.0,176.04,66.22,293,292,Varied
0.0,0.0,176.04,66.22,293,292,Varied
0.0,0.0,176.04,66.22,293,292,Varied
0.0,0.0,176.04,66.22,293,292,Varied
0.0,0.0,176.04,66.22,293,292,Varied
0.0,0.0,176.04,66.22,293,292,Varied
0.0,0.0,176.04,66.22,293,292,Varied
5.42,1.64,190.58,72.72,320,319,Varied
0.0,0.0,190.58,72.72,320,319,Varied
0.0,0.0,190.58,72.72,320,319,Varied
0.0,0.0,190.58,72.72,320,319,Varied
0.0,0.0,190.58,72.72,320,319,Varied
4.60,1.52,204.98,79.02,348,347,Varied
0.0,0.0,204.98,79.02,348,347,Varied
0.0,0.0,204.98,79.02,348,347,Varied
0.0,0.0,204.98,79.02,348,347,Varied
0.0,0.0,204.98,79.02,348,347,Varied
0.0,0.0,204.98,79.02,348,347,Varied
0.0,0.0,204.98,79.02,348,347,Varied
6.18,3.11,219.61,86.02,377,376,Varied
0.0,0.0,219.61,86.02,377,376,Varied
0.0,0.0,219.61,86.02,377,376,Varied
0.0,0.0,219.61,86.02,377,376,Varied
0.0,0.0,219.61,86.02,377,376,Varied
3.44,2.46,234.61,92.44,404,404,Varied
0.0,0.0,234.61,92.44,404,404,Varied
0.0,0.0,234.61,92.44,404,404,Varied
0.0,0.0,234.61,92.44,404,404,Varied
0.0,0.0,234.61,92.44,404,404,Varied
0.0,0.0,234.61,92.44,404,404,Varied
0.0,0.0,234.61,92.44,404,404,Varied
0.0,0.0,234.61,92.44,404,404,Varied
4.36,1.53,249.41,99.04,431,430,Varied
0.0,0.0,249.41,99.04,431,430,Varied
0.0,0.0,249.41,99.04,431,430,Varied
0.0,0.0,249.41,99.04,431,430,Varied
0.0,0.0,249.41,99.04,431,430,Varied
0.0,0.0,249.41,99.04,431,430,Varied
3.41,2.74,264.04,105.46,458,457,Varied
0.0,0.0,264.04,105.46,458,457,Varied
0.0,0.0,264.04,105.46,458,457,Varied
0.0,0.0,264.04,105.46,458,457,Varied
0.0,0.0,264.04,105.46,458,457,Varied
0.0,0.0,264.04,105.46,458,457,Varied
0.0,0.0,264.04,105.46,458,457,Varied
4.44,1.24,278.54,111.96,486,485,Varied
0.0,0.0,278.54,111.96,486,485,Varied
0.0,0.0,278.54,111.96,486,485,Varied
0.0,0.0,278.54,111.96,486,485,Varied
0.0,0.0,278.54,111.96,486,485,Varied
0.0,0.0,278.54,111.96,486,485,Varied
0.0,0.0,278.54,111.96,486,485,Varied
0.0,0.0,278.54,111.96,486,485,Varied
0.0,0.0,278.54,111.96,486,485,Varied
0.0,0.0,278.54,111.96,486,485,Varied
4.64,1.55,293.09,118.56,513,512,Varied
0.0,0.0,293.09,118.56,513,512,Varied
0.0,0.0,293.09,118.56,513,512,Varied
0.0,0.0,293.09,118.56,513,512,Varied
0.0,0.0,293.09,118.56,513,512,Varied
0.0,0.0,293.09,118.56,513,512,Varied
3.36,2.10,307.69,124.96,540,539,Varied
0.0,0.0,307.69,124.96,540,539,Varied
0.0,0.0,307.69,124.96,540,539,Varied
0.0,0.0,307.69,124.96,540,539,Varied
0.0,0.0,307.69,124.96,540,539,Varied
5.36,1.96,322.69,131.84,569,568,Varied
0.0,0.0,322.69,131.84,569,568,Varied
0.0,0.0,322.69,131.84,569,568,Varied
0.0,0.0,322.69,131.84,569,568,Varied
0.0,0.0,322.69,131.84,569,568,Varied
0.0,0.0,322.69,131.84,569,568,Varied
4.84,160,337.32,138.26,597,596,Varied
0.0,0.0,337.32,138.26,597,596,Varied
0.0,0.0,337.32,138.26,597,596,Varied
0.0,0.0,337.32,138.26,597,596,Varied
0.0,0.0,337.32,138.26,597,596,Varied
0.0,0.0,337.32,138.26,597,596,Varied
0.0,0.0,337.32,138.26,597,596,Varied
0.0,0.0,337.32,138.26,597,596,Varied
0.0,0.0,337.32,138.26,597,596,Varied
0.0,0.0,337.32,138.26,597,596,Varied
4.51,1.71,7.07,5.09,22,22,Varied
0.0,0.0,7.07,5.09,22,22,Varied
0.0,0.0,7.07,5.09,22,22,Varied
4.54,1.66,15.29,6.86,32,29,Varied
0.0,0.0,15.29,6.86,32,29,Varied
0.0,0.0,15.29,6.86,32,29,Varied
0.0,0.0,15.29,6.86,32,29,Varied
0.0,0.0,15.29,6.86,32,29,Varied
0.0,0.0,15.29,6.86,32,29,Varied
4.52,1.71,19.84,8.68,38,37,Varied
0.0,0.0,19.84,8.68,38,37,Varied
0.0,0.0,19.84,8.68,38,37,Varied
0.0,0.0,19.84,8.68,38,37,Varied
9.66,14.58,29.60,23.60,56,61,Varied
0.0,0.0,29.60,23.60,56,61,Varied
0.0,0.0,29.60,23.60,56,61,Varied
0.0,0.0,29.60,23.60,56,61,Varied
39.41,5.39,79.81,31.05,109,110,Varied
0.0,0.0,79.81,31.05,109,110,Varied
0.0,0.0,79.81,31.05,109,110,Varied
0.0,0.0,79.81,31.05,109,110,Varied
0.0,0.0,79.81,31.05,109,110,Varied
0.0,0.0,79.81,31.05,109,110,Varied
0.0,0.0,79.81,31.05,109,110,Varied
0.0,0.0,79.81,31.05,109,110,Varied
0.0,0.0,79.81,31.05,109,110,Varied
0.0,0.0,79.81,31.05,109,110,Varied
3.19,0.11,83.00,31.16,113,112,Varied
0.0,0.0,83.00,31.16,113,112,Varied
0.0,0.0,83.00,31.16,113,112,Varied
0.0,0.0,83.00,31.16,113,112,Varied
0.0,0.0,83.00,31.16,113,112,Varied
0.0,0.0,83.00,31.16,113,112,Varied
4.63,2.18,87.64,33.35,120,122,Varied
0.0,0.0,87.64,33.35,120,122,Varied
0.0,0.0,87.64,33.35,120,122,Varied
0.0,0.0,87.64,33.35,120,122,Varied
0.0,0.0,87.64,33.35,120,122,Varied
0.0,0.0,87.64,33.35,120,122,Varied
0.0,0.0,87.64,33.35,120,122,Varied
0.0,0.0,87.64,33.35,120,122,Varied
5.14,7.78,98.20,44.36,141,146,Varied
0.0,0.0,98.20,44.36,141,146,Varied
0.0,0.0,98.20,44.36,141,146,Varied
0.0,0.0,98.20,44.36,141,146,Varied
0.0,0.0,98.20,44.36,141,146,Varied
2.08,2.01,100.70,46.48,148,155,Varied
0.0,0.0,100.70,46.48,148,155,Varied
0.0,0.0,100.70,46.48,148,155,Varied
0.0,0.0,100.70,46.48,148,155,Varied
0.0,0.0,100.70,46.48,148,155,Varied
0.0,0.0,100.70,46.48,148,155,Varied
0.0,0.0,100.70,46.48,148,155,Varied
0.0,0.0,100.70,46.48,148,155,Varied
4.54,1.68,109.02,48.21,157,161,Varied
0.0,0.0,109.02,48.21,157,161,Varied
0.0,0.0,109.02,48.21,157,161,Varied
0.0,0.0,109.02,48.21,157,161,Varied
0.0,0.0,109.02,48.21,157,161,Varied
0.0,0.0,109.02,48.21,157,161,Varied
1.39,0.88,110.42,49.09,161,167,Varied
0.0,0.0,110.42,49.09,161,167,Varied
0.0,0.0,110.42,49.09,161,167,Varied
0.0,0.0,110.42,49.09,161,167,Varied
0.0,0.0,110.42,49.09,161,167,Varied
9.01,7.47,119.88,58.56,176,190,Varied
0.0,0.0,119.88,58.56,176,190,Varied
0.0,0.0,119.88,58.56,176,190,Varied
0.0,0.0,119.88,58.56,176,190,Varied
0.0,0.0,119.88,58.56,176,190,Varied
0.0,0.0,119.88,58.56,176,190,Varied
0.0,0.0,119.88,58.56,176,190,Varied
0.0,0.0,119.88,58.56,176,190,Varied
0.0,0.0,119.88,58.56,176,190,Varied
0.0,0.0,119.88,58.56,176,190,Varied
0.59,2.98,122.11,64.19,199,213,Varied
0.0,0.0,122.11,64.19,199,213,Varied
0.0,0.0,122.11,64.19,199,213,Varied
0.0,0.0,122.11,64.19,199,213,Varied
0.0,0.0,122.11,64.19,199,213,Varied
5.81,0.44,127.92,64.63,207,217,Varied
0.0,0.0,127.92,64.63,207,217,Varied
0.0,0.0,127.92,64.63,207,217,Varied
0.0,0.0,127.92,64.63,207,217,Varied
0.0,0.0,127.92,64.63,207,217,Varied
0.0,0.0,127.92,64.63,207,217,Varied
0.0,0.0,127.92,64.63,207,217,Varied
4.57,1.77,134.82,69.77,226,240,Varied
0.0,0.0,134.82,69.77,226,240,Varied
0.0,0.0,134.82,69.77,226,240,Varied
0.0,0.0,134.82,69.77,226,240,Varied
0.0,0.0,134.82,69.77,226,240,Varied
3.57,0.20,138.39,69.97,229,244,Varied
0.0,0.0,138.39,69.97,229,244,Varied
0.0,0.0,138.39,69.97,229,244,Varied
0.0,0.0,138.39,69.97,229,244,Varied
0.0,0.0,138.39,69.97,229,244,Varied
0.0,0.0,138.39,69.97,229,244,Varied
0.0,0.0,138.39,69.97,229,244,Varied
0.0,0.0,138.39,69.97,229,244,Varied
3.24,2.93,142.97,73.20,236,252,Varied
0.0,0.0,142.97,73.20,236,252,Varied
0.0,0.0,142.97,73.20,236,252,Varied
0.0,0.0,142.97,73.20,236,252,Varied
0.0,0.0,142.97,73.20,236,252,Varied
0.0,0.0,142.97,73.20,236,252,Varied
4.02,5.77,156.91,82.56,256,276,Varied
0.0,0.0,156.91,82.56,256,276,Varied
0.0,0.0,156.91,82.56,256,276,Varied
0.0,0.0,156.91,82.56,256,276,Varied
0.0,0.0,156.91,82.56,256,276,Varied
0.0,0.0,156.91,82.56,256,276,Varied
0.0,0.0,156.91,82.56,256,276,Varied
41.62,5.10,212.33,88.60,311,325,Varied
0.0,0.0,212.33,88.60,311,325,Varied
0.0,0.0,212.33,88.60,311,325,Varied
0.0,0.0,212.33,88.60,311,325,Varied
0.0,0.0,212.33,88.60,311,325,Varied
0.0,0.0,212.33,88.60,311,325,Varied
0.0,0.0,212.33,88.60,311,325,Varied
0.0,0.0,212.33,88.60,311,325,Varied
0.0,0.0,212.33,88.60,311,325,Varied
0.0,0.0,212.33,88.60,311,325,Varied
4.59,1.71,217.20,91.94,320,335,Varied
0.0,0.0,217.20,91.94,320,335,Varied
0.0,0.0,217.20,91.94,320,335,Varied
0.0,0.0,217.20,91.94,320,335,Varied
0.0,0.0,217.20,91.94,320,335,Varied
0.0,0.0,217.20,91.94,320,335,Varied
0.54,6.29,222.45,98.83,331,351,Varied
0.0,0.0,222.45,98.83,331,351,Varied
0.0,0.0,222.45,98.83,331,351,Varied
0.0,0.0,222.45,98.83,331,351,Varied
0.0,0.0,222.45,98.83,331,351,Varied
0.74,2.69,223.20,101.52,335,356,Varied
0.0,0.0,223.20,101.52,335,356,Varied
0.0,0.0,223.20,101.52,335,356,Varied
0.0,0.0,223.20,101.52,335,356,Varied
0.0,0.0,223.20,101.52,335,356,Varied
0.0,0.0,223.20,101.52,335,356,Varied
4.58,1.70,227.78,103.22,342,361,Varied
0.0,0.0,227.78,103.22,342,361,Varied
0.0,0.0,227.78,103.22,342,361,Varied
0.0,0.0,227.78,103.22,342,361,Varied
0.0,0.0,227.78,103.22,342,361,Varied
0.0,0.0,227.78,103.22,342,361,Varied
0.0,0.0,227.78,103.22,342,361,Varied
0.0,0.0,227.78,103.22,342,361,Varied
0.0,0.0,227.78,103.22,342,361,Varied
0.0,0.0,227.78,103.22,342,361,Varied
1.84,0.52,100.25,24.10,138,134,Low
2.85,1.35,5030,172.34,3700,2110,Low
1.11,0.96,5040,174.65,3710,2130,Low
4.38,1.77,5052,176.42,3731,2150,Low
0.0,0.0,5052,176.42,3731,2150,Low
4.14,1.01,5100,183.97,3780,2210,Low
0.0,0.0,5100,183.97,3780,2210,Low
0.0,0.0,5100,183.97,3780,2210,Low
4.82,3.98,5130,194.89,3810,2260,Low
0.0,0.0,5130,194.89,3810,2260,Low
0.0,0.0,5130,194.89,3810,2260,Low
0.0,0.0,5130,194.89,3810,2260,Low
0.0,0.0,5130,194.89,3810,2260,Low
0.0,0.0,5130,194.89,3810,2260,Low
0.0,0.0,5130,194.89,3810,2260,Low
4.03,2.10,5140,198.31,3830,2270,Low
1.05,0.81,5141,199.13,3840,2280,Low
0.0,0.0,5141,199.13,3840,2280,Low
0.0,0.0,5141,199.13,3840,2280,Low
0.0,0.0,5141,199.13,3840,2280,Low
0.0,0.0,5141,199.13,3840,2280,Low
0.0,0.0,5141,199.13,3840,2280,Low
0.0,0.0,5141,199.13,3840,2280,Low
0.0,0.0,5141,199.13,3840,2280,Low
0.0,0.0,5141,199.13,3840,2280,Low
2.08,0.89,5142,200.83,3850,2290,Low
0.36,0.25,51.43,203.54,3860,2310,Low
0.0,0.0,5143,203.54,3860,2310,Low
0.0,0.0,5143,203.54,3860,2310,Low
0.0,0.0,5143,203.54,3860,2310,Low
0.0,0.0,5143,203.54,3860,2310,Low
0.0,0.0,5143,203.54,3860,2310,Low
0.44,0.20,5144,203.74,3865,2315,Low
0.0,0.0,5144,203.74,3865,2315,Low
0.0,0.0,5144,203.74,3865,2315,Low
0.0,0.0,5144,203.74,3865,2315,Low
0.0,0.0,5144,203.74,3865,2315,Low
0.0,0.0,5144,203.74,3865,2315,Low
0.0,0.0,5144,203.74,3865,2315,Low
0.0,0.0,5144,203.74,3865,2315,Low
0.0,0.0,5144,203.74,3865,2315,Low
5.54,2.09,5150,217.61,3930,2380,Low
5.54,2.09,5170,228.65,3990,2440,Low
0.44,0.20,5171,232.06,4010,2460,Low
0.0,0.0,5171,232.06,4010,2460,Low
0.0,0.0,5171,232.06,4010,2460,Low
0.0,0.0,5171,232.06,4010,2460,Low
0.0,0.0,5171,232.06,4010,2460,Low
0.0,0.0,5171,232.06,4010,2460,Low
0.0,0.0,5171,232.06,4010,2460,Low
0.0,0.0,5171,232.06,4010,2460,Low
0.0,0.0,5171,232.06,4010,2460,Low
0.0,0.0,5171,232.06,4010,2460,Low
0.0,0.0,5171,232.06,4010,2460,Low
0.0,0.0,5171,232.06,4010,2460,Low
0.0,0.0,5171,232.06,4010,2460,Low
0.0,0.0,5171,232.06,4010,2460,Low
0.0,0.0,5171,232.06,4010,2460,Low
0.0,0.0,5171,232.06,4010,2460,Low
0.0,0.0,5171,232.06,4010,2460,Low
0.0,0.0,5171,232.06,4010,2460,Low
120.12,11.59,5460,259.55,4280,2750,Low
2.15,1.37,5490,268.88,4340,2810,Low
0.0,0.0,5490,268.88,4340,2810,Low
2.61,1.85,5491,272.38,4350,2830,Low
0.0,0.0,5491,272.38,4350,2830,Low
0.0,0.0,5491,272.38,4350,2830,Low
0.0,0.0,5491,272.38,4350,2830,Low
0.0,0.0,5491,272.38,4350,2830,Low
0.0,0.0,5491,272.38,4350,2830,Low
0.0,0.0,5491,272.38,4350,2830,Low
0.0,0.0,5491,272.38,4350,2830,Low
0.0,0.0,5491,272.38,4350,2830,Low
0.0,0.0,5491,272.38,4350,2830,Low
0.0,0.0,5491,272.38,4350,2830,Low
0.0,0.0,5491,272.38,4350,2830,Low
0.0,0.0,5491,272.38,4350,2830,Low
1.34,1.34,5500,276.47,4370,2860,Low
1.00,1.32,5510,283.68,4410,2900,Low
0.74,1.33,5511,287.04,4420,2920,Low
3.30,0.98,5520,290.34,4430,2922,Low
0.0,0.0,5520,290.34,4430,2922,Low
0.0,0.0,5520,290.34,4430,2922,Low
0.0,0.0,5520,290.34,4430,2922,Low
0.0,0.0,5520,290.34,4430,2922,Low
0.0,0.0,5520,290.34,4430,2922,Low
0.0,0.0,5520,290.34,4430,2922,Low
0.0,0.0,5520,290.34,4430,2922,Low
0.0,0.0,5520,290.34,4430,2922,Low
0.0,0.0,5520,290.34,4430,2922,Low
0.0,0.0,5520,290.34,4430,2922,Low
0.0,0.0,5520,290.34,4430,2922,Low
0.0,0.0,5520,290.34,4430,2922,Low
0.0,0.0,5520,290.34,4430,2922,Low
4.98,3.72,5540,309.42,4520,3010,Low
7.51,1.15,6010,320.54,4890,3110,Low
0.0,0.0,6010,320.54,4890,3110,Low
0.0,0.0,6010,320.54,4890,3110,Low
0.0,0.0,6010,320.54,4890,3110,Low
0.0,0.0,6010,320.54,4890,3110,Low
0.0,0.0,6010,320.54,4890,3110,Low
0.0,0.0,6010,320.54,4890,3110,Low
0.0,0.0,6010,320.54,4890,3110,Low
0.0,0.0,6010,320.54,4890,3110,Low
0.0,0.0,6010,320.54,4890,3110,Low
0.0,0.0,6010,320.54,4890,3110,Low
0.0,0.0,6010,320.54,4890,3110,Low
0.0,0.0,6010,320.54,4890,3110,Low
0.0,0.0,6010,320.54,4890,3110,Low
0.0,0.0,6010,320.54,4890,3110,Low
2.36,1.20,6020,328.51,4940,3150,Low
1.04,0.70,6030,338.99,4990,3200,Low
1.02,0.64,6031,346.71,5010,3210,Low
0.0,0.0,6031,346.71,5010,3210,Low
1.02,0.28,6032,346.99,5016,3212,Low
0.0,0.0,6032,346.99,5016,3212,Low
0.0,0.0,6032,346.99,5016,3212,Low
0.0,0.0,6032,346.99,5016,3212,Low
0.0,0.0,6032,346.99,5016,3212,Low
0.0,0.0,6032,346.99,5016,3212,Low
0.0,0.0,6032,346.99,5016,3212,Low
0.25,0.21,6033,247.21,5020,3220,Low
0.0,0.0,6033,347.21,5020,3220,Low
0.0,0.0,6033,347.21,5020,3220,Low
0.0,0.0,6033,347.21,5020,3220,Low
0.0,0.0,6033,347.21,5020,3220,Low
0.0,0.0,6033,347.21,5020,3220,Low
0.0,0.0,6033,347.21,5020,3220,Low
0.0,0.0,6033,347.21,5020,3220,Low
0.0,0.0,6033,347.21,5020,3220,Low
7.61,4.61,6040,351.63,5040,3240,Low
363.75,15.92,6560,383.60,5490,3570,Low
2.99,1.47,6570,386.83,5510,3580,Low
0.0,0.0,6570,386.83,5510,3580,Low
0.0,0.0,6570,386.83,5510,3580,Low
0.81,0.15,6571,386.99,5511,3590,Low
0.0,0.0,6571,386.99,5511,3590,Low
0.0,0.0,6571,386.99,5511,3590,Low
0.0,0.0,6571,386.99,5511,3590,Low
0.0,0.0,6571,386.99,5511,3590,Low
0.0,0.0,6571,386.99,5511,3590,Low
0.0,0.0,6571,386.99,5511,3590,Low
0.0,0.0,6571,386.99,5511,3590,Low
0.0,0.0,6571,386.99,5511,3590,Low
0.0,0.0,6571,386.99,5511,3590,Low
0.0,0.0,6571,386.99,5511,3590,Low
0.0,0.0,6571,386.99,5511,3590,Low
0.0,0.0,6571,386.99,5511,3590,Low
0.0,0.0,6571,386.99,5511,3590,Low
0.0,0.0,6571,386.99,5511,3590,Low
11.97,3.80,567.50,15.64,406,262,Low
4.15,2.41,4120,152.60,2940,2160,Low
0.0,0.0,4120,152.60,2940,2160,Low
0.38,0.29,4121,152.89,2950,2170,Low
0.0,0.0,4121,152.89,2950,2170,Low
0.0,0.0,4121,152.89,2950,2170,Low
0.0,0.0,4121,152.89,2950,2170,Low
0.0,0.0,4121,152.89,2950,2170,Low
0.0,0.0,4121,152.89,2950,2170,Low
0.0,0.0,4121,152.89,2950,2170,Low
0.0,0.0,4121,152.89,2950,2170,Low
0.0,0.0,4121,152.89,2950,2170,Low
0.0,0.0,4121,152.89,2950,2170,Low
0.0,0.0,4121,152.89,2950,2170,Low
2.45,1.95,4122,155.88,2960,2180,Low
0.0,0.0,4122,155.88,2960,2180,Low
0.0,0.0,4122,155.88,2960,2180,Low
0.0,0.0,4122,155.88,2960,2180,Low
0.0,0.0,4122,155.88,2960,2180,Low
0.0,0.0,4122,155.88,2960,2180,Low
0.0,0.0,4122,155.88,2960,2180,Low
0.0,0.0,4122,155.88,2960,2180,Low
0.0,0.0,4122,155.88,2960,2180,Low
0.0,0.0,4122,155.88,2960,2180,Low
0.0,0.0,4122,155.88,2960,2180,Low
0.0,0.0,4122,155.88,2960,2180,Low
0.0,0.0,4122,155.88,2960,2180,Low
0.0,0.0,4122,155.88,2960,2180,Low
0.0,0.0,4122,155.88,2960,2180,Low
0.0,0.0,4122,155.88,2960,2180,Low
0.0,0.0,4122,155.88,2960,2180,Low
0.0,0.0,4122,155.88,2960,2180,Low
0.0,0.0,4122,155.88,2960,2180,Low
0.0,0.0,4122,155.88,2960,2180,Low
0.0,0.0,4122,155.88,2960,2180,Low
2.77,1.43,4126,158.04,2970,2200,Low
0.0,0.0,4126,158.04,2970,2200,Low
2.64,2.63,4130,160.90,2975,2210,Low
0.0,0.0,4130,160.90,2975,2210,Low
0.0,0.0,4130,160.90,2975,2210,Low
0.0,0.0,4130,160.90,2975,2210,Low
0.0,0.0,4130,160.90,2975,2210,Low
0.0,0.0,4130,160.90,2975,2210,Low
0.0,0.0,4130,160.90,2975,2210,Low
0.0,0.0,4130,160.90,2975,2210,Low
0.0,0.0,4130,160.90,2975,2210,Low
0.0,0.0,4130,160.90,2975,2210,Low
0.0,0.0,4130,160.90,2975,2210,Low
0.0,0.0,4130,160.90,2975,2210,Low
0.0,0.0,4130,160.90,2975,2210,Low
0.0,0.0,4130,160.90,2975,2210,Low
0.0,0.0,4130,160.90,2975,2210,Low
0.0,0.0,4130,160.90,2975,2210,Low
0.0,0.0,4130,160.90,2975,2210,Low
0.0,0.0,4130,160.90,2975,2210,Low
0.0,0.0,4130,160.90,2975,2210,Low
0.0,0.0,4130,160.90,2975,2210,Low
0.0,0.0,4130,160.90,2975,2210,Low
0.0,0.0,4130,160.90,2975,2210,Low
0.0,0.0,4130,160.90,2975,2210,Low
0.0,0.0,4130,160.90,2975,2210,Low
0.0,0.0,4130,160.90,2975,2210,Low
0.0,0.0,4130,160.90,2975,2210,Low
258.16,6.08,4520,192.09,3320,2560,Low
12.16,6.08,4530,198.18,3340,2580,Low
4.05,3.21,4535,201.40,3350,2600,Low
0.0,0.0,4535,201.40,3350,2600,Low
0.0,0.0,4535,201.40,3350,2600,Low
0.0,0.0,4535,201.40,3350,2600,Low
0.0,0.0,4535,201.40,3350,2600,Low
0.0,0.0,4535,201.40,3350,2600,Low
0.0,0.0,4535,201.40,3350,2600,Low
0.0,0.0,4535,201.40,3350,2600,Low
0.0,0.0,4535,201.40,3350,2600,Low
0.0,0.0,4535,201.40,3350,2600,Low
0.0,0.0,4535,201.40,3350,2600,Low
0.0,0.0,4535,201.40,3350,2600,Low
0.0,0.0,4535,201.40,3350,2600,Low
0.0,0.0,4535,201.40,3350,2600,Low
0.0,0.0,4535,201.40,3350,2600,Low
0.0,0.0,4535,201.40,3350,2600,Low
0.0,0.0,4535,201.40,3350,2600,Low
0.0,0.0,4535,201.40,3350,2600,Low
0.0,0.0,4535,201.40,3350,2600,Low
0.0,0.0,4535,201.40,3350,2600,Low
0.0,0.0,4535,201.40,3350,2600,Low
0.0,0.0,4535,201.40,3350,2600,Low
0.0,0.0,4535,201.40,3350,2600,Low
7.40,3.46,4600,212.06,3440,2720,Low
6.57,3.27,8570,307.23,6320,4050,Low
1.21,1.20,8580,319.37,6380,4130,Low
0.36,0.40,8581,319.79,6385,4140,Low
0.0,0.0,8581,319.79,6385,4140,Low
0.0,0.0,8581,319.79,6385,4140,Low
0.0,0.0,8581,319.79,6385,4140,Low
0.0,0.0,8581,319.79,6385,4140,Low
0.31,0.53,8582,320.32,6390,4150,Low
0.0,0.0,8582,320.32,6390,4150,Low
0.0,0.0,8582,320.32,6390,4150,Low
0.0,0.0,8582,320.32,6390,4150,Low
0.0,0.0,8582,320.32,6390,4150,Low
0.0,0.0,8582,320.32,6390,4150,Low
0.0,0.0,8582,320.32,6390,4150,Low
0.0,0.0,8582,320.32,6390,4150,Low
0.0,0.0,8582,320.32,6390,4150,Low
0.0,0.0,8582,320.32,6390,4150,Low
0.0,0.0,8582,320.32,6390,4150,Low
0.0,0.0,8582,320.32,6390,4150,Low
0.0,0.0,8582,320.32,6390,4150,Low
0.0,0.0,8582,320.32,6390,4150,Low
0.0,0.0,8582,320.32,6390,4150,Low
0.0,0.0,8582,320.32,6390,4150,Low
0.0,0.0,8582,320.32,6390,4150,Low
0.0,0.0,8582,320.32,6390,4150,Low
0.0,0.0,8582,320.32,6390,4150,Low
0.0,0.0,8582,320.32,6390,4150,Low
0.0,0.0,8582,320.32,6390,4150,Low
0.0,0.0,8582,320.32,6390,4150,Low
0.0,0.0,8582,320.32,6390,4150,Low
6.93,3.46,10920,369.05,8130,4770,Low
3.23,1.74,10930,389.95,8220,4900,Low
6.05,1.69,10940,394.05,8240,4930,Low
0.84,0.80,10941,395.72,8250,4940,Low
0.0,0.0,10941,395.72,8250,4940,Low
1.17,1.01,10944,402.59,8270,4970,Low
0.0,0.0,10944,402.59,8270,4970,Low
0.0,0.0,10944,402.59,8270,4970,Low
0.0,0.0,10944,402.59,8270,4970,Low
0.0,0.0,10944,402.59,8270,4970,Low
0.0,0.0,10944,402.59,8270,4970,Low
0.0,0.0,10944,402.59,8270,4970,Low
0.0,0.0,10944,402.59,8270,4970,Low
0.0,0.0,10944,402.59,8270,4970,Low
0.0,0.0,10944,402.59,8270,4970,Low
0.0,0.0,10944,402.59,8270,4970,Low
0.0,0.0,10944,402.59,8270,4970,Low
0.0,0.0,10944,402.59,8270,4970,Low
0.0,0.0,10944,402.59,8270,4970,Low
0.0,0.0,10944,402.59,8270,4970,Low
0.0,0.0,10944,402.59,8270,4970,Low
0.0,0.0,10944,402.59,8270,4970,Low
0.0,0.0,10944,402.59,8270,4970,Low
0.0,0.0,10944,402.59,8270,4970,Low
0.0,0.0,10944,402.59,8270,4970,Low
0.0,0.0,10944,402.59,8270,4970,Low
0.0,0.0,10944,402.59,8270,4970,Low
0.0,0.0,10944,402.59,8270,4970,Low
0.0,0.0,10944,402.59,8270,4970,Low
0.0,0.0,10944,402.59,8270,4970,Low
0.0,0.0,10944,402.59,8270,4970,Low
12.75,0.10,195.04,1.52,150,30,Buffer
24.77,0.20,337.26,3.30,259,65,Buffer
24.45,0.20,516.14,5.38,397,106,Buffer
13.16,0.10,670.98,7.26,516,143,Buffer
25.91,0.15,942.63,16.26,738,284,Buffer
24.91,0.15,1070,18.50,853,328,Buffer
8.76,0.30,1230,22.20,984,401,Buffer
13.16,0.10,1400,24.95,1120,455,Buffer
20.29,0.50,1560,27.65,1240,506,Buffer
8.36,0.35,1700,30.90,1350,570,Buffer
20.05,0.45,1850,32.78,1470,607,Buffer
8.36,0.35,2020,36.64,1600,683,Buffer
12.75,0.05,2180,40.45,1730,758,Buffer
23.93,0.33,2350,42.05,1860,789,Buffer
10.23,0.20,2510,43.42,1990,816,Buffer
11.28,0.10,2660,46.17,2110,870,Buffer
22.45,0.20,2810,47.33,2220,893,Buffer
13.16,0.10,2960,49.21,2340,930,Buffer
0.0,0.0,3060,50.08,2420,947,Buffer
25.00,0.44,3270,53.21,2570,1000,Buffer
13.93,0.10,3450,58.88,2700,1110,Buffer
22.98,0.20,3620,61.52,2840,1160,Buffer
10.21,0.20,3750,65.00,2940,1220,Buffer
18.34,0.50,3790,66.42,2970,1240,Buffer
30.22,0.15,4080,68.50,3170,1280,Buffer
25.91,0.15,4250,70.53,3300,1320,Buffer
15.62,0.60,4410,75.53,3420,1410,Buffer
25.38,0.20,4580,78.31,3550,1470,Buffer
9.30,0.35,4740,80.75,3680,1510,Buffer
8.36,0.35,4880,83.69,3790,1570,Buffer
13.16,0.10,5030,86.60,3910,1620,Buffer
12.75,0.10,5650,105.29,4360,1980,Buffer
10.77,0.25,5810,107.93,4490,2030,Buffer
10.45,0.05,5970,111.24,4610,2100,Buffer
11.69,0.20,6120,114.69,4740,2460,Buffer
12.75,0.15,6260,117.53,4850,2220,Buffer
24.86,0.30,6440,120.38,4990,2280,Buffer
22.97,0.35,6580,122.86,5100,2330,Buffer
12.75,0.05,6770,125.35,5240,2370,Buffer
25.91,1.06,6910,128.91,5350,2460,Buffer
16.04,0.77,7070,133.18,5470,2520,Buffer
17.53,0.71,7220,136.56,5590,2590,Buffer
18.02,0.60,7390,140.93,5720,2670,Buffer
18.86,0.60,7550,143.62,5840,2730,Buffer
17.73,0.15,7700,146.11,5960,2780,Buffer
13.16,0.10,7860,148.04,6090,2810,Buffer
11.69,0.10,8000,149.15,6200,2840,Buffer
39.55,1.04,8170,152.00,6320,2890,Buffer
13.16,0.50,8350,156.29,6450,2970,Buffer
24.44,0.20,8510,157.56,6580,3000,Buffer
24.67,0.20,8660,158.83,6700,3020,Buffer
9.30,0.35,8810,160.71,6820,3060,Buffer
27.41,1.50,9440,182.10,7280,3460,Buffer
19.02,0.71,9610,184.38,7420,3500,Buffer
13.16,0.10,9760,186.26,7540,3540,Buffer
17.12,0.65,9930,189.61,7670,3610,Buffer
13.16,0.10,10080,191.65,7790,3650,Buffer
20.00,0.50,10240,194.74,7910,3710,Buffer
13.16,0.05,10400,196.83,8040,3750,Buffer
9.30,0.35,10550,199.62,8160,3800,Buffer
12.75,0.10,10720,202.26,8290,3860,Buffer
25.32,0.15,10880,203.53,8420,3880,Buffer
13.16,0.10,11040,204.80,8540,3910,Buffer
11.28,0.20,11200,207.49,8680,3960,Buffer
18.66,0.61,11350,209.77,8790,4000,Buffer
18.07,0.66,11510,212.77,8920,4060,Buffer
10.77,0.20,11670,215.77,9050,4120,Buffer
3.44,0.10,11820,217.95,9170,4160,Buffer
25.91,0.15,11980,219.83,9290,4200,Buffer
9.30,0.35,12150,222.37,9420,4250,Buffer
11.69,0.10,12310,226.70,9550,4330,Buffer
12.75,0.10,12460,227.87,9670,4350,Buffer
8.36,0.25,12620,229.85,9800,4390,Buffer
9.71,0.35,12780,233.05,9920,4450,Buffer
25.27,0.20,12940,235.03,10050,4490,Buffer
13.16,0.10,13100,237.62,10170,4540,Buffer
22.98,0.35,13270,239.40,10300,4580,Buffer
12.23,0.20,13420,240.87,10430,4610,Buffer
13.16,0.10,13580,242.19,10550,4630,Buffer
12.75,0.10,13730,244.73,10670,4680,Buffer
25.91,0.15,13900,247.72,10800,4740,Buffer
24.45,0.20,14050,250.19,10930,4790,Buffer
18.61,0.66,14220,253.89,11060,4860,Buffer
12.75,0.10,14370,256.70,11170,4910,Buffer
10.23,0.20,14530,259.80,11290,4970,Buffer
13.16,0.15,14690,262.54,11430,5030,Buffer
12.75,0.10,14850,264.88,11550,5070,Buffer
11.69,0.10,15000,266.76,11670,5110,Buffer
20.75,0.45,15170,269.50,11800,5160,Buffer
9.30,0.30,15330,271.83,11920,5210,Buffer
13.16,0.10,15490,273.76,12050,5250,Buffer
10.77,0.35,15940,287.88,12390,5510,Buffer
12.75,0.10,16090,289.76,12510,5550,Buffer
11.69,0.10,16260,291.74,12640,5590,Buffer
11.69,0.10,16410,293.62,12760,5630,Buffer
13.16,0.10,16570,295.60,12890,5670,Buffer
12.75,0.10,16740,298.24,13020,5720,Buffer
12.75,0.10,16890,300.12,13140,5760,Buffer
25.91,0.20,17050,302.76,13270,5810,Buffer
24.45,0.20,17200,304.64,13380,5840,Buffer
9.82,0.30,17370,306.41,13520,5880,Buffer
12.75,0.10,17520,309.82,13640,5950,Buffer
11.74,0.10,17680,311.08,13760,5970,Buffer
30.32,0.80,17850,313.22,13900,6010,Buffer
11.28,0.15,17980,314.89,14000,6050,Buffer
7.84,0.35,18150,319.73,14120,6130,Buffer
11.69,0.10,18320,322.20,14250,6170,Buffer
11.28,0.20,18480,324.18,14380,6210,Buffer
4.91,0.10,18640,327.53,14500,6280,Buffer
9.16,0.30,18800,330.86,14620,6340,Buffer
11.28,0.10,18950,332.53,14740,6370,Buffer
25.91,0.15,19130,334.56,14880,6410,Buffer
23.93,0.35,19280,336.44,15000,6450,Buffer
11.69,0.10,19430,338.32,15110,6490,Buffer
8.36,0.30,19590,341.31,15240,6540,Buffer
18.07,0.71,19760,344.16,15370,6600,Buffer
13.16,0.10,19920,345.43,15500,6620,Buffer
11.28,0.10,20060,346.59,15610,6650,Buffer
13.16,0.10,20240,347.96,15750,6670,Buffer
12.75,0.10,20390,349.84,15870,6710,Buffer
11.69,0.15,20550,351.77,16000,6750,Buffer
19.53,0.61,20710,355.14,16120,6810,Buffer
12.64,0.10,21100,368.00,16420,7050,Buffer
11.69,0.10,21260,370.76,16540,7110,Buffer
27.99,1.28,21420,373.71,16670,7170,Buffer
12.75,0.10,21580,378.07,16790,7250,Buffer
17.55,0.75,21740,382.79,16910,7340,Buffer
24.45,0.25,21900,385.74,17040,7400,Buffer
13.16,0.10,22050,386.96,17160,7420,Buffer
13.16,0.10,22210,389.96,17290,7480,Buffer
18.07,0.66,22360,392.55,17410,7530,Buffer
31.69,0.66,22520,395.07,17520,7580,Buffer
11.69,0.10,22690,397.56,17660,7630,Buffer
4.91,0.20,22850,399.03,17780,7660,Buffer
23.93,0.35,23010,401.72,17910,7710,Buffer
24.45,0.20,23170,404.70,18040,7770,Buffer
19.13,0.66,23320,406.57,18160,7800,Buffer
13.16,0.10,23480,407.89,18280,7830,Buffer
21.52,0.40,23660,411.09,18420,7890,Buffer
13.16,0.10,23810,413.15,18540,7920,Buffer
13.16,0.10,23960,415.69,18660,7970,Buffer
16.60,0.66,24120,418.84,18790,8040,Buffer
13.16,0.10,24280,421.17,18910,8080,Buffer
12.23,0.10,24440,422.60,19040,8110,Buffer
13.16,0.05,24600,425.74,19160,8170,Buffer
21.19,0.55,25000,439.16,19460,8410,Buffer
11.28,0.10,25150,441.95,19580,8460,Buffer
22.98,0.30,25310,444.59,19710,8520,Buffer
25.00,0.10,25400,445.98,19770,8540,Buffer
17.55,0.61,25640,448.60,19940,8590,Buffer